StackTrace,(No column name)
"   at System.Web.UI.Page.HandleError(Exception e)
   at System.Web.UI.Page.ProcessRequestMain(Boolean includeStagesBeforeAsyncPoint, Boolean includeStagesAfterAsyncPoint)
   at System.Web.UI.Page.ProcessRequest(Boolean includeStagesBeforeAsyncPoint, Boolean includeStagesAfterAsyncPoint)
   at System.Web.UI.Page.ProcessRequest()
   at System.Web.UI.Page.ProcessRequest(HttpContext context)
   at ASP.views_shared_accessdenied_aspx.ProcessRequest(HttpContext context)
   at System.Web.Mvc.ViewPage.RenderView(ViewContext viewContext)
   at System.Web.Mvc.ViewResultBase.ExecuteResult(ControllerContext context)
   at System.Web.Mvc.ControllerActionInvoker.<>c__DisplayClass11.<InvokeActionResultWithFilters>b__e()
   at System.Web.Mvc.ControllerActionInvoker.InvokeActionResultFilter(IResultFilter filter, ResultExecutingContext preContext, Func`1 continuation)
   at System.Web.Mvc.ControllerActionInvoker.InvokeActionResultWithFilters(ControllerContext controllerContext, IList`1 filters, ActionResult actionResult)
   at System.Web.Mvc.ControllerActionInvoker.InvokeAction(ControllerContext controllerContext, String actionName)",46
"   at System.Web.Services.Protocols.WebClientProtocol.GetWebResponse(WebRequest request)
   at System.Web.Services.Protocols.HttpWebClientProtocol.GetWebResponse(WebRequest request)
   at System.Web.Services.Protocols.SoapHttpClientProtocol.Invoke(String methodName, Object[] parameters)
   at SoftLayer_Network_ContentDelivery_Authentication_TokenService.getTimedToken(Int32 cdnAccountId, Int32 tokenLife, String clientIp, String referrer, String mediaType)
   at KODmvc.App_Code.SoftLayerWrapper.GetTimedToken(String ipaddress) in c:\Inetpub\wwwroot\stable\App_Code\SoftLayerWrapper.cs:line 31",36
"   at System.Web.Mvc.ValidateAntiForgeryTokenAttribute.OnAuthorization(AuthorizationContext filterContext)
   at System.Web.Mvc.ControllerActionInvoker.InvokeAuthorizationFilters(ControllerContext controllerContext, IList`1 filters, ActionDescriptor actionDescriptor)
   at System.Web.Mvc.ControllerActionInvoker.InvokeAction(ControllerContext controllerContext, String actionName)",32
"   at System.Web.Mvc.AntiForgeryDataSerializer.Deserialize(String serializedToken)
   at System.Web.Mvc.HtmlHelper.GetAntiForgeryTokenAndSetCookie(String salt, String domain, String path)
   at System.Web.Mvc.HtmlHelper.AntiForgeryToken(String salt, String domain, String path)
   at System.Web.Mvc.HtmlHelper.AntiForgeryToken()
   at ASP.views_login_index_aspx.__Render__control1(HtmlTextWriter __w, Control parameterContainer)
   at System.Web.UI.Control.RenderChildrenInternal(HtmlTextWriter writer, ICollection children)
   at System.Web.UI.Page.Render(HtmlTextWriter writer)
   at System.Web.Mvc.ViewPage.Render(HtmlTextWriter writer)
   at System.Web.UI.Page.ProcessRequestMain(Boolean includeStagesBeforeAsyncPoint, Boolean includeStagesAfterAsyncPoint)
   at System.Web.UI.Page.ProcessRequest(Boolean includeStagesBeforeAsyncPoint, Boolean includeStagesAfterAsyncPoint)
   at System.Web.UI.Page.ProcessRequest()
   at System.Web.UI.Page.ProcessRequest(HttpContext context)
   at ASP.views_login_index_aspx.ProcessRequest(HttpContext context)
   at System.Web.Mvc.ViewPage.RenderView(ViewContext viewContext)
   at System.Web.Mvc.ViewResultBase.ExecuteResult(ControllerContext context)
   at System.Web.Mvc.ControllerActionInvoker.<>c__DisplayClass11.<InvokeActionResultWithFilters>b__e()
   at System.Web.Mvc.ControllerActionInvoker.InvokeActionResultFilter(IResultFilter filter, ResultExecutingContext preContext, Func`1 continuation)
   at System.Web.Mvc.ControllerActionInvoker.InvokeActionResultWithFilters(ControllerContext controllerContext, IList`1 filters, ActionResult actionResult)
   at System.Web.Mvc.ControllerActionInvoker.InvokeAction(ControllerContext controllerContext, String actionName)",21
"   at KODmvc.Controllers.TrackController.qr(Int32 id) in c:\Inetpub\wwwroot\stable\Controllers\TrackController.cs:line 202
   at lambda_method(ExecutionScope , ControllerBase , Object[] )
   at System.Web.Mvc.ReflectedActionDescriptor.Execute(ControllerContext controllerContext, IDictionary`2 parameters)
   at System.Web.Mvc.ControllerActionInvoker.InvokeActionMethod(ControllerContext controllerContext, ActionDescriptor actionDescriptor, IDictionary`2 parameters)
   at System.Web.Mvc.ControllerActionInvoker.<>c__DisplayClassa.<InvokeActionMethodWithFilters>b__7()
   at System.Web.Mvc.ControllerActionInvoker.InvokeActionMethodFilter(IActionFilter filter, ActionExecutingContext preContext, Func`1 continuation)
   at System.Web.Mvc.ControllerActionInvoker.InvokeActionMethodWithFilters(ControllerContext controllerContext, IList`1 filters, ActionDescriptor actionDescriptor, IDictionary`2 parameters)
   at System.Web.Mvc.ControllerActionInvoker.InvokeAction(ControllerContext controllerContext, String actionName)",19
"   at System.Web.Mvc.ReflectedActionDescriptor.ExtractParameterFromDictionary(ParameterInfo parameterInfo, IDictionary`2 parameters, MethodInfo methodInfo)
   at System.Linq.Enumerable.WhereSelectArrayIterator`2.MoveNext()
   at System.Linq.Buffer`1..ctor(IEnumerable`1 source)
   at System.Linq.Enumerable.ToArray[TSource](IEnumerable`1 source)
   at System.Web.Mvc.ReflectedActionDescriptor.Execute(ControllerContext controllerContext, IDictionary`2 parameters)
   at System.Web.Mvc.ControllerActionInvoker.InvokeActionMethod(ControllerContext controllerContext, ActionDescriptor actionDescriptor, IDictionary`2 parameters)
   at System.Web.Mvc.ControllerActionInvoker.<>c__DisplayClassa.<InvokeActionMethodWithFilters>b__7()
   at System.Web.Mvc.ControllerActionInvoker.InvokeActionMethodFilter(IActionFilter filter, ActionExecutingContext preContext, Func`1 continuation)
   at System.Web.Mvc.ControllerActionInvoker.InvokeActionMethodWithFilters(ControllerContext controllerContext, IList`1 filters, ActionDescriptor actionDescriptor, IDictionary`2 parameters)
   at System.Web.Mvc.ControllerActionInvoker.InvokeAction(ControllerContext controllerContext, String actionName)",11
"   at System.Net.WebClient.UploadValues(Uri address, String method, NameValueCollection data)
   at KODmvc.Controllers.CertificateController.DownloadCertifiateString(Int32 bundleID, Int32 userID) in c:\Inetpub\wwwroot\stable\Controllers\CertificateController.cs:line 119
   at KODmvc.Controllers.CertificateController.Index(Int32 id, String certName) in c:\Inetpub\wwwroot\stable\Controllers\CertificateController.cs:line 23
   at lambda_method(ExecutionScope , ControllerBase , Object[] )
   at System.Web.Mvc.ReflectedActionDescriptor.Execute(ControllerContext controllerContext, IDictionary`2 parameters)
   at System.Web.Mvc.ControllerActionInvoker.InvokeActionMethod(ControllerContext controllerContext, ActionDescriptor actionDescriptor, IDictionary`2 parameters)
   at System.Web.Mvc.ControllerActionInvoker.<>c__DisplayClassa.<InvokeActionMethodWithFilters>b__7()
   at System.Web.Mvc.ControllerActionInvoker.InvokeActionMethodFilter(IActionFilter filter, ActionExecutingContext preContext, Func`1 continuation)
   at System.Web.Mvc.ControllerActionInvoker.InvokeActionMethodWithFilters(ControllerContext controllerContext, IList`1 filters, ActionDescriptor actionDescriptor, IDictionary`2 parameters)
   at System.Web.Mvc.ControllerActionInvoker.InvokeAction(ControllerContext controllerContext, String actionName)",10
"   at System.Nullable`1.get_Value()
   at KODmvc.Models.ReportActivityRepository.GetCertificateCompletionDate(Int32 userID, Int32 bundleID) in c:\Inetpub\wwwroot\stable\Models\ReportActivityRepository.cs:line 44
   at KODmvc.Controllers.CertificateController.GenerateImage(Int32 id, Int32 userID) in c:\Inetpub\wwwroot\stable\Controllers\CertificateController.cs:line 92
   at lambda_method(ExecutionScope , ControllerBase , Object[] )
   at System.Web.Mvc.ReflectedActionDescriptor.Execute(ControllerContext controllerContext, IDictionary`2 parameters)
   at System.Web.Mvc.ControllerActionInvoker.InvokeActionMethod(ControllerContext controllerContext, ActionDescriptor actionDescriptor, IDictionary`2 parameters)
   at System.Web.Mvc.ControllerActionInvoker.<>c__DisplayClassa.<InvokeActionMethodWithFilters>b__7()
   at System.Web.Mvc.ControllerActionInvoker.InvokeActionMethodFilter(IActionFilter filter, ActionExecutingContext preContext, Func`1 continuation)
   at System.Web.Mvc.ControllerActionInvoker.InvokeActionMethodWithFilters(ControllerContext controllerContext, IList`1 filters, ActionDescriptor actionDescriptor, IDictionary`2 parameters)
   at System.Web.Mvc.ControllerActionInvoker.InvokeAction(ControllerContext controllerContext, String actionName)",10
"   at KODmvc.Controllers.LoginController.Logout() in c:\Inetpub\wwwroot\stable\Controllers\LoginController.cs:line 585
   at lambda_method(ExecutionScope , ControllerBase , Object[] )
   at System.Web.Mvc.ReflectedActionDescriptor.Execute(ControllerContext controllerContext, IDictionary`2 parameters)
   at System.Web.Mvc.ControllerActionInvoker.InvokeActionMethod(ControllerContext controllerContext, ActionDescriptor actionDescriptor, IDictionary`2 parameters)
   at System.Web.Mvc.ControllerActionInvoker.<>c__DisplayClassa.<InvokeActionMethodWithFilters>b__7()
   at System.Web.Mvc.ControllerActionInvoker.InvokeActionMethodFilter(IActionFilter filter, ActionExecutingContext preContext, Func`1 continuation)
   at System.Web.Mvc.ControllerActionInvoker.InvokeActionMethodWithFilters(ControllerContext controllerContext, IList`1 filters, ActionDescriptor actionDescriptor, IDictionary`2 parameters)
   at System.Web.Mvc.ControllerActionInvoker.InvokeAction(ControllerContext controllerContext, String actionName)",8
Script error. line: 0,7
"   at System.Web.Mvc.AntiForgeryDataSerializer.Deserialize(String serializedToken)
   at System.Web.Mvc.HtmlHelper.GetAntiForgeryTokenAndSetCookie(String salt, String domain, String path)
   at System.Web.Mvc.HtmlHelper.AntiForgeryToken(String salt, String domain, String path)
   at System.Web.Mvc.HtmlHelper.AntiForgeryToken()
   at ASP.views_shared_site_master.__Render__control1(HtmlTextWriter __w, Control parameterContainer)
   at System.Web.UI.Control.RenderChildrenInternal(HtmlTextWriter writer, ICollection children)
   at System.Web.UI.Control.RenderChildrenInternal(HtmlTextWriter writer, ICollection children)
   at System.Web.UI.Page.Render(HtmlTextWriter writer)
   at System.Web.Mvc.ViewPage.Render(HtmlTextWriter writer)
   at System.Web.UI.Page.ProcessRequestMain(Boolean includeStagesBeforeAsyncPoint, Boolean includeStagesAfterAsyncPoint)
   at System.Web.UI.Page.ProcessRequest(Boolean includeStagesBeforeAsyncPoint, Boolean includeStagesAfterAsyncPoint)
   at System.Web.UI.Page.ProcessRequest()
   at System.Web.UI.Page.ProcessRequest(HttpContext context)
   at ASP.views_home_index_aspx.ProcessRequest(HttpContext context)
   at System.Web.Mvc.ViewPage.RenderView(ViewContext viewContext)
   at System.Web.Mvc.ViewResultBase.ExecuteResult(ControllerContext context)
   at System.Web.Mvc.ControllerActionInvoker.<>c__DisplayClass11.<InvokeActionResultWithFilters>b__e()
   at System.Web.Mvc.ControllerActionInvoker.InvokeActionResultFilter(IResultFilter filter, ResultExecutingContext preContext, Func`1 continuation)
   at System.Web.Mvc.ControllerActionInvoker.InvokeActionResultWithFilters(ControllerContext controllerContext, IList`1 filters, ActionResult actionResult)
   at System.Web.Mvc.ControllerActionInvoker.InvokeAction(ControllerContext controllerContext, String actionName)",6
"   at System.Web.Services.Protocols.SoapHttpClientProtocol.ReadResponse(SoapClientMessage message, WebResponse response, Stream responseStream, Boolean asyncCall)
   at System.Web.Services.Protocols.SoapHttpClientProtocol.Invoke(String methodName, Object[] parameters)
   at SoftLayer_Network_ContentDelivery_Authentication_TokenService.getTimedToken(Int32 cdnAccountId, Int32 tokenLife, String clientIp, String referrer, String mediaType)
   at KODmvc.App_Code.SoftLayerWrapper.GetTimedToken(String ipaddress) in c:\Inetpub\wwwroot\stable\App_Code\SoftLayerWrapper.cs:line 31",5
"   at System.Data.SqlClient.SqlConnection.OnError(SqlException exception, Boolean breakConnection)
   at System.Data.SqlClient.TdsParser.ThrowExceptionAndWarning(TdsParserStateObject stateObj)
   at System.Data.SqlClient.TdsParser.Run(RunBehavior runBehavior, SqlCommand cmdHandler, SqlDataReader dataStream, BulkCopySimpleResultSet bulkCopyHandler, TdsParserStateObject stateObj)
   at System.Data.SqlClient.SqlDataReader.ConsumeMetaData()
   at System.Data.SqlClient.SqlDataReader.get_MetaData()
   at System.Data.SqlClient.SqlCommand.FinishExecuteReader(SqlDataReader ds, RunBehavior runBehavior, String resetOptionsString)
   at System.Data.SqlClient.SqlCommand.RunExecuteReaderTds(CommandBehavior cmdBehavior, RunBehavior runBehavior, Boolean returnStream, Boolean async)
   at System.Data.SqlClient.SqlCommand.RunExecuteReader(CommandBehavior cmdBehavior, RunBehavior runBehavior, Boolean returnStream, String method, DbAsyncResult result)
   at System.Data.SqlClient.SqlCommand.RunExecuteReader(CommandBehavior cmdBehavior, RunBehavior runBehavior, Boolean returnStream, String method)
   at System.Data.SqlClient.SqlCommand.ExecuteReader(CommandBehavior behavior, String method)
   at System.Data.SqlClient.SqlCommand.ExecuteDbDataReader(CommandBehavior behavior)
   at System.Data.Linq.SqlClient.SqlProvider.Execute(Expression query, QueryInfo queryInfo, IObjectReaderFactory factory, Object[] parentArgs, Object[] userArgs, ICompiledSubQuery[] subQueries, Object lastResult)
   at System.Data.Linq.SqlClient.SqlProvider.ExecuteAll(Expression query, QueryInfo[] queryInfos, IObjectReaderFactory factory, Object[] userArguments, ICompiledSubQuery[] subQueries)
   at System.Data.Linq.SqlClient.SqlProvider.System.Data.Linq.Provider.IProvider.Execute(Expression query)
   at System.Data.Linq.ChangeDirector.StandardChangeDirector.DynamicInsert(TrackedObject item)
   at System.Data.Linq.ChangeDirector.StandardChangeDirector.Insert(TrackedObject item)
   at System.Data.Linq.ChangeProcessor.SubmitChanges(ConflictMode failureMode)
   at System.Data.Linq.DataContext.SubmitChanges(ConflictMode failureMode)
   at KODmvc.Models.KODBaseRepository.save() in c:\Inetpub\wwwroot\stable\Models\KODBaseRepository.cs:line 22
   at KODmvc.Controllers.AssetRatingController.DownVote(Int32 id) in c:\Inetpub\wwwroot\stable\Controllers\AssetRatingController.cs:line 69
   at lambda_method(ExecutionScope , ControllerBase , Object[] )
   at System.Web.Mvc.ReflectedActionDescriptor.Execute(ControllerContext controllerContext, IDictionary`2 parameters)
   at System.Web.Mvc.ControllerActionInvoker.InvokeActionMethod(ControllerContext controllerContext, ActionDescriptor actionDescriptor, IDictionary`2 parameters)
   at System.Web.Mvc.ControllerActionInvoker.<>c__DisplayClassa.<InvokeActionMethodWithFilters>b__7()
   at System.Web.Mvc.ControllerActionInvoker.InvokeActionMethodFilter(IActionFilter filter, ActionExecutingContext preContext, Func`1 continuation)
   at System.Web.Mvc.ControllerActionInvoker.InvokeActionMethodWithFilters(ControllerContext controllerContext, IList`1 filters, ActionDescriptor actionDescriptor, IDictionary`2 parameters)
   at System.Web.Mvc.ControllerActionInvoker.InvokeAction(ControllerContext controllerContext, String actionName)",4
"   at System.Data.SqlClient.SqlConnection.OnError(SqlException exception, Boolean breakConnection)
   at System.Data.SqlClient.TdsParser.ThrowExceptionAndWarning(TdsParserStateObject stateObj)
   at System.Data.SqlClient.TdsParser.Run(RunBehavior runBehavior, SqlCommand cmdHandler, SqlDataReader dataStream, BulkCopySimpleResultSet bulkCopyHandler, TdsParserStateObject stateObj)
   at System.Data.SqlClient.SqlDataReader.ConsumeMetaData()
   at System.Data.SqlClient.SqlDataReader.get_MetaData()
   at System.Data.SqlClient.SqlCommand.FinishExecuteReader(SqlDataReader ds, RunBehavior runBehavior, String resetOptionsString)
   at System.Data.SqlClient.SqlCommand.RunExecuteReaderTds(CommandBehavior cmdBehavior, RunBehavior runBehavior, Boolean returnStream, Boolean async)
   at System.Data.SqlClient.SqlCommand.RunExecuteReader(CommandBehavior cmdBehavior, RunBehavior runBehavior, Boolean returnStream, String method, DbAsyncResult result)
   at System.Data.SqlClient.SqlCommand.RunExecuteReader(CommandBehavior cmdBehavior, RunBehavior runBehavior, Boolean returnStream, String method)
   at System.Data.SqlClient.SqlCommand.ExecuteReader(CommandBehavior behavior, String method)
   at System.Data.SqlClient.SqlCommand.ExecuteDbDataReader(CommandBehavior behavior)
   at System.Data.Linq.SqlClient.SqlProvider.Execute(Expression query, QueryInfo queryInfo, IObjectReaderFactory factory, Object[] parentArgs, Object[] userArgs, ICompiledSubQuery[] subQueries, Object lastResult)
   at System.Data.Linq.SqlClient.SqlProvider.ExecuteAll(Expression query, QueryInfo[] queryInfos, IObjectReaderFactory factory, Object[] userArguments, ICompiledSubQuery[] subQueries)
   at System.Data.Linq.SqlClient.SqlProvider.System.Data.Linq.Provider.IProvider.Execute(Expression query)
   at System.Data.Linq.ChangeDirector.StandardChangeDirector.DynamicInsert(TrackedObject item)
   at System.Data.Linq.ChangeDirector.StandardChangeDirector.Insert(TrackedObject item)
   at System.Data.Linq.ChangeProcessor.SubmitChanges(ConflictMode failureMode)
   at System.Data.Linq.DataContext.SubmitChanges(ConflictMode failureMode)
   at KODmvc.Models.KODBaseRepository.save() in c:\Inetpub\wwwroot\stable\Models\KODBaseRepository.cs:line 22
   at KODmvc.Controllers.AssetRatingController.UpVote(Int32 id) in c:\Inetpub\wwwroot\stable\Controllers\AssetRatingController.cs:line 44
   at lambda_method(ExecutionScope , ControllerBase , Object[] )
   at System.Web.Mvc.ReflectedActionDescriptor.Execute(ControllerContext controllerContext, IDictionary`2 parameters)
   at System.Web.Mvc.ControllerActionInvoker.InvokeActionMethod(ControllerContext controllerContext, ActionDescriptor actionDescriptor, IDictionary`2 parameters)
   at System.Web.Mvc.ControllerActionInvoker.<>c__DisplayClassa.<InvokeActionMethodWithFilters>b__7()
   at System.Web.Mvc.ControllerActionInvoker.InvokeActionMethodFilter(IActionFilter filter, ActionExecutingContext preContext, Func`1 continuation)
   at System.Web.Mvc.ControllerActionInvoker.InvokeActionMethodWithFilters(ControllerContext controllerContext, IList`1 filters, ActionDescriptor actionDescriptor, IDictionary`2 parameters)
   at System.Web.Mvc.ControllerActionInvoker.InvokeAction(ControllerContext controllerContext, String actionName)",4
"   at System.Number.StringToNumber(String str, NumberStyles options, NumberBuffer& number, NumberFormatInfo info, Boolean parseDecimal)
   at System.Number.ParseInt32(String s, NumberStyles style, NumberFormatInfo info)
   at KODmvc.Controllers.AssetController.ProcessRelatedAssetsForAsset(Asset asset, IEnumerable`1 relatedAssets, IEnumerable`1 fileAttachments) in c:\Inetpub\wwwroot\stable\Controllers\AssetController.cs:line 1381
   at KODmvc.Controllers.AssetController.Create(FormCollection collection) in c:\Inetpub\wwwroot\stable\Controllers\AssetController.cs:line 398
   at lambda_method(ExecutionScope , ControllerBase , Object[] )
   at System.Web.Mvc.ReflectedActionDescriptor.Execute(ControllerContext controllerContext, IDictionary`2 parameters)
   at System.Web.Mvc.ControllerActionInvoker.InvokeActionMethod(ControllerContext controllerContext, ActionDescriptor actionDescriptor, IDictionary`2 parameters)
   at System.Web.Mvc.ControllerActionInvoker.<>c__DisplayClassa.<InvokeActionMethodWithFilters>b__7()
   at System.Web.Mvc.ControllerActionInvoker.InvokeActionMethodFilter(IActionFilter filter, ActionExecutingContext preContext, Func`1 continuation)
   at System.Web.Mvc.ControllerActionInvoker.InvokeActionMethodWithFilters(ControllerContext controllerContext, IList`1 filters, ActionDescriptor actionDescriptor, IDictionary`2 parameters)
   at System.Web.Mvc.ControllerActionInvoker.InvokeAction(ControllerContext controllerContext, String actionName)",4
"   at System.Data.Linq.ChangeProcessor.SubmitChanges(ConflictMode failureMode)
   at System.Data.Linq.DataContext.SubmitChanges(ConflictMode failureMode)
   at KODmvc.Models.KODBaseRepository.save() in c:\Inetpub\wwwroot\stable\Models\KODBaseRepository.cs:line 22
   at KODmvc.Controllers.LoginController.Index(FormCollection collection) in c:\Inetpub\wwwroot\stable\Controllers\LoginController.cs:line 310
   at lambda_method(ExecutionScope , ControllerBase , Object[] )
   at System.Web.Mvc.ReflectedActionDescriptor.Execute(ControllerContext controllerContext, IDictionary`2 parameters)
   at System.Web.Mvc.ControllerActionInvoker.InvokeActionMethod(ControllerContext controllerContext, ActionDescriptor actionDescriptor, IDictionary`2 parameters)
   at System.Web.Mvc.ControllerActionInvoker.<>c__DisplayClassa.<InvokeActionMethodWithFilters>b__7()
   at System.Web.Mvc.ControllerActionInvoker.InvokeActionMethodFilter(IActionFilter filter, ActionExecutingContext preContext, Func`1 continuation)
   at System.Web.Mvc.ControllerActionInvoker.InvokeActionMethodWithFilters(ControllerContext controllerContext, IList`1 filters, ActionDescriptor actionDescriptor, IDictionary`2 parameters)
   at System.Web.Mvc.ControllerActionInvoker.InvokeAction(ControllerContext controllerContext, String actionName)",4
"   at System.Data.Linq.ChangeProcessor.SubmitChanges(ConflictMode failureMode)
   at System.Data.Linq.DataContext.SubmitChanges(ConflictMode failureMode)
   at KODmvc.Models.KODBaseRepository.save() in c:\Inetpub\wwwroot\stable\Models\KODBaseRepository.cs:line 22
   at KODmvc.Controllers.SystemController.AddCompanyContent(FormCollection collection) in c:\Inetpub\wwwroot\stable\Controllers\SystemController.cs:line 2017
   at lambda_method(ExecutionScope , ControllerBase , Object[] )
   at System.Web.Mvc.ReflectedActionDescriptor.Execute(ControllerContext controllerContext, IDictionary`2 parameters)
   at System.Web.Mvc.ControllerActionInvoker.InvokeActionMethod(ControllerContext controllerContext, ActionDescriptor actionDescriptor, IDictionary`2 parameters)
   at System.Web.Mvc.ControllerActionInvoker.<>c__DisplayClassa.<InvokeActionMethodWithFilters>b__7()
   at System.Web.Mvc.ControllerActionInvoker.InvokeActionMethodFilter(IActionFilter filter, ActionExecutingContext preContext, Func`1 continuation)
   at System.Web.Mvc.ControllerActionInvoker.InvokeActionMethodWithFilters(ControllerContext controllerContext, IList`1 filters, ActionDescriptor actionDescriptor, IDictionary`2 parameters)
   at System.Web.Mvc.ControllerActionInvoker.InvokeAction(ControllerContext controllerContext, String actionName)",4
"   at System.Data.Linq.SqlClient.SqlProvider.Execute(Expression query, QueryInfo queryInfo, IObjectReaderFactory factory, Object[] parentArgs, Object[] userArgs, ICompiledSubQuery[] subQueries, Object lastResult)
   at System.Data.Linq.SqlClient.SqlProvider.ExecuteAll(Expression query, QueryInfo[] queryInfos, IObjectReaderFactory factory, Object[] userArguments, ICompiledSubQuery[] subQueries)
   at System.Data.Linq.SqlClient.SqlProvider.System.Data.Linq.Provider.IProvider.Execute(Expression query)
   at System.Data.Linq.Table`1.System.Linq.IQueryProvider.Execute[TResult](Expression expression)
   at System.Linq.Queryable.SingleOrDefault[TSource](IQueryable`1 source, Expression`1 predicate)
   at KODmvc.Models.BundleRepository.getCourseLaunchers(Int32 userID, Int32 companyid, List`1& favorites, Boolean& HasFolders) in c:\Inetpub\wwwroot\stable\Models\BundleRepository.cs:line 389
   at KODmvc.Controllers.HomeController.Index() in c:\Inetpub\wwwroot\stable\Controllers\HomeController.cs:line 63
   at lambda_method(ExecutionScope , ControllerBase , Object[] )
   at System.Web.Mvc.ReflectedActionDescriptor.Execute(ControllerContext controllerContext, IDictionary`2 parameters)
   at System.Web.Mvc.ControllerActionInvoker.InvokeActionMethod(ControllerContext controllerContext, ActionDescriptor actionDescriptor, IDictionary`2 parameters)
   at System.Web.Mvc.ControllerActionInvoker.<>c__DisplayClassa.<InvokeActionMethodWithFilters>b__7()
   at System.Web.Mvc.ControllerActionInvoker.InvokeActionMethodFilter(IActionFilter filter, ActionExecutingContext preContext, Func`1 continuation)
   at System.Web.Mvc.ControllerActionInvoker.InvokeActionMethodWithFilters(ControllerContext controllerContext, IList`1 filters, ActionDescriptor actionDescriptor, IDictionary`2 parameters)
   at System.Web.Mvc.ControllerActionInvoker.InvokeAction(ControllerContext controllerContext, String actionName)",3
"   at KODmvc.Models.QuizRepository.AnswerQuestion(Int32 questionID, Int32 answerID, Int32 courseID, Int32 userID) in c:\Inetpub\wwwroot\stable\Models\QuizRepository.cs:line 372
   at KODmvc.Controllers.APIController.Quiz(Int32 id, FormCollection collection) in c:\Inetpub\wwwroot\stable\Controllers\APIController.cs:line 459
   at lambda_method(ExecutionScope , ControllerBase , Object[] )
   at System.Web.Mvc.ReflectedActionDescriptor.Execute(ControllerContext controllerContext, IDictionary`2 parameters)
   at System.Web.Mvc.ControllerActionInvoker.InvokeActionMethod(ControllerContext controllerContext, ActionDescriptor actionDescriptor, IDictionary`2 parameters)
   at System.Web.Mvc.ControllerActionInvoker.<>c__DisplayClassa.<InvokeActionMethodWithFilters>b__7()
   at System.Web.Mvc.ControllerActionInvoker.InvokeActionMethodFilter(IActionFilter filter, ActionExecutingContext preContext, Func`1 continuation)
   at System.Web.Mvc.ControllerActionInvoker.InvokeActionMethodWithFilters(ControllerContext controllerContext, IList`1 filters, ActionDescriptor actionDescriptor, IDictionary`2 parameters)
   at System.Web.Mvc.ControllerActionInvoker.InvokeAction(ControllerContext controllerContext, String actionName)",3
"   at System.Data.SqlClient.SqlInternalConnection.OnError(SqlException exception, Boolean breakConnection)
   at System.Data.SqlClient.TdsParser.ThrowExceptionAndWarning(TdsParserStateObject stateObj)
   at System.Data.SqlClient.TdsParserStateObject.ReadSniError(TdsParserStateObject stateObj, UInt32 error)
   at System.Data.SqlClient.TdsParserStateObject.ReadSni(DbAsyncResult asyncResult, TdsParserStateObject stateObj)
   at System.Data.SqlClient.TdsParserStateObject.ReadNetworkPacket()
   at System.Data.SqlClient.TdsParserStateObject.ReadBuffer()
   at System.Data.SqlClient.TdsParserStateObject.ReadByte()
   at System.Data.SqlClient.TdsParser.Run(RunBehavior runBehavior, SqlCommand cmdHandler, SqlDataReader dataStream, BulkCopySimpleResultSet bulkCopyHandler, TdsParserStateObject stateObj)
   at System.Data.SqlClient.SqlDataReader.ConsumeMetaData()
   at System.Data.SqlClient.SqlDataReader.get_MetaData()
   at System.Data.SqlClient.SqlCommand.FinishExecuteReader(SqlDataReader ds, RunBehavior runBehavior, String resetOptionsString)
   at System.Data.SqlClient.SqlCommand.RunExecuteReaderTds(CommandBehavior cmdBehavior, RunBehavior runBehavior, Boolean returnStream, Boolean async)
   at System.Data.SqlClient.SqlCommand.RunExecuteReader(CommandBehavior cmdBehavior, RunBehavior runBehavior, Boolean returnStream, String method, DbAsyncResult result)
   at System.Data.SqlClient.SqlCommand.RunExecuteReader(CommandBehavior cmdBehavior, RunBehavior runBehavior, Boolean returnStream, String method)
   at System.Data.SqlClient.SqlCommand.ExecuteReader(CommandBehavior behavior, String method)
   at System.Data.SqlClient.SqlCommand.ExecuteDbDataReader(CommandBehavior behavior)
   at System.Data.Linq.SqlClient.SqlProvider.Execute(Expression query, QueryInfo queryInfo, IObjectReaderFactory factory, Object[] parentArgs, Object[] userArgs, ICompiledSubQuery[] subQueries, Object lastResult)
   at System.Data.Linq.SqlClient.SqlProvider.ExecuteAll(Expression query, QueryInfo[] queryInfos, IObjectReaderFactory factory, Object[] userArguments, ICompiledSubQuery[] subQueries)
   at System.Data.Linq.SqlClient.SqlProvider.System.Data.Linq.Provider.IProvider.Execute(Expression query)
   at System.Data.Linq.DataQuery`1.System.Collections.Generic.IEnumerable<T>.GetEnumerator()
   at System.Collections.Generic.List`1..ctor(IEnumerable`1 collection)
   at System.Linq.Enumerable.ToList[TSource](IEnumerable`1 source)
   at KODmvc.Models.ReportActivityRepository.GetReportSummaryQuery(ReportParameters report, Int32 page, Int32 pageSize, Boolean isExport) in c:\Inetpub\wwwroot\stable\Models\ReportActivityRepository.cs:line 168
   at KODmvc.Models.ReportActivityRepository.GetCourseReportingData(ReportParameters report) in c:\Inetpub\wwwroot\stable\Models\ReportActivityRepository.cs:line 71
   at KODmvc.Controllers.ReportsController.CourseExport() in c:\Inetpub\wwwroot\stable\Controllers\ReportsController.cs:line 403
   at lambda_method(ExecutionScope , ControllerBase , Object[] )
   at System.Web.Mvc.ReflectedActionDescriptor.Execute(ControllerContext controllerContext, IDictionary`2 parameters)
   at System.Web.Mvc.ControllerActionInvoker.InvokeActionMethod(ControllerContext controllerContext, ActionDescriptor actionDescriptor, IDictionary`2 parameters)
   at System.Web.Mvc.ControllerActionInvoker.<>c__DisplayClassa.<InvokeActionMethodWithFilters>b__7()
   at System.Web.Mvc.ControllerActionInvoker.InvokeActionMethodFilter(IActionFilter filter, ActionExecutingContext preContext, Func`1 continuation)
   at System.Web.Mvc.ControllerActionInvoker.InvokeActionMethodWithFilters(ControllerContext controllerContext, IList`1 filters, ActionDescriptor actionDescriptor, IDictionary`2 parameters)
   at System.Web.Mvc.ControllerActionInvoker.InvokeAction(ControllerContext controllerContext, String actionName)",2
"   at System.Net.Mime.MailBnfHelper.ReadMailAddress(String data, Int32& offset, String& displayName)
   at System.Net.Mail.MailAddress.ParseValue(String address)
   at System.Net.Mail.MailAddress..ctor(String address, String displayName, Encoding displayNameEncoding)
   at KODmvc.App_Code.CommonFunctions.Email(Int32 CompanyID, String Sender, String SenderName, String Receiver, String CC, String BCC, String Body, String Subject, Boolean UseHTML) in c:\Inetpub\wwwroot\stable\App_Code\CommonFunctions.cs:line 146
   at KODmvc.Controllers.HomeController.SupportTicket(FormCollection collection) in c:\Inetpub\wwwroot\stable\Controllers\HomeController.cs:line 192
   at lambda_method(ExecutionScope , ControllerBase , Object[] )
   at System.Web.Mvc.ReflectedActionDescriptor.Execute(ControllerContext controllerContext, IDictionary`2 parameters)
   at System.Web.Mvc.ControllerActionInvoker.InvokeActionMethod(ControllerContext controllerContext, ActionDescriptor actionDescriptor, IDictionary`2 parameters)
   at System.Web.Mvc.ControllerActionInvoker.<>c__DisplayClassa.<InvokeActionMethodWithFilters>b__7()
   at System.Web.Mvc.ControllerActionInvoker.InvokeActionMethodFilter(IActionFilter filter, ActionExecutingContext preContext, Func`1 continuation)
   at System.Web.Mvc.ControllerActionInvoker.InvokeActionMethodWithFilters(ControllerContext controllerContext, IList`1 filters, ActionDescriptor actionDescriptor, IDictionary`2 parameters)
   at System.Web.Mvc.ControllerActionInvoker.InvokeAction(ControllerContext controllerContext, String actionName)",2
"   at System.Net.WebClient.DownloadDataInternal(Uri address, WebRequest& request)
   at System.Net.WebClient.DownloadString(Uri address)
   at KODmvc.Controllers.EcommerceController.IsVatValid(String country, String number) in c:\Inetpub\wwwroot\stable\Controllers\ECommerceController.cs:line 408
   at lambda_method(ExecutionScope , ControllerBase , Object[] )
   at System.Web.Mvc.ReflectedActionDescriptor.Execute(ControllerContext controllerContext, IDictionary`2 parameters)
   at System.Web.Mvc.ControllerActionInvoker.InvokeActionMethod(ControllerContext controllerContext, ActionDescriptor actionDescriptor, IDictionary`2 parameters)
   at System.Web.Mvc.ControllerActionInvoker.<>c__DisplayClassa.<InvokeActionMethodWithFilters>b__7()
   at System.Web.Mvc.ControllerActionInvoker.InvokeActionMethodFilter(IActionFilter filter, ActionExecutingContext preContext, Func`1 continuation)
   at System.Web.Mvc.ControllerActionInvoker.InvokeActionMethodWithFilters(ControllerContext controllerContext, IList`1 filters, ActionDescriptor actionDescriptor, IDictionary`2 parameters)
   at System.Web.Mvc.ControllerActionInvoker.InvokeAction(ControllerContext controllerContext, String actionName)",1
"   at System.Text.RegularExpressions.Regex.Match(String input)
   at KODmvc.com.keystoneondemand.utils.ValidationStation.Email(String email) in c:\Inetpub\wwwroot\stable\com\keystoneondemand\utils\ValidationStation.cs:line 139
   at KODmvc.Controllers.EcommerceController.ValidateEmail() in c:\Inetpub\wwwroot\stable\Controllers\ECommerceController.cs:line 367
   at lambda_method(ExecutionScope , ControllerBase , Object[] )
   at System.Web.Mvc.ReflectedActionDescriptor.Execute(ControllerContext controllerContext, IDictionary`2 parameters)
   at System.Web.Mvc.ControllerActionInvoker.InvokeActionMethod(ControllerContext controllerContext, ActionDescriptor actionDescriptor, IDictionary`2 parameters)
   at System.Web.Mvc.ControllerActionInvoker.<>c__DisplayClassa.<InvokeActionMethodWithFilters>b__7()
   at System.Web.Mvc.ControllerActionInvoker.InvokeActionMethodFilter(IActionFilter filter, ActionExecutingContext preContext, Func`1 continuation)
   at System.Web.Mvc.ControllerActionInvoker.InvokeActionMethodWithFilters(ControllerContext controllerContext, IList`1 filters, ActionDescriptor actionDescriptor, IDictionary`2 parameters)
   at System.Web.Mvc.ControllerActionInvoker.InvokeAction(ControllerContext controllerContext, String actionName)",1
"   at System.Boolean.Parse(String value)
   at KODmvc.Controllers.ReportsController.EmailCourse() in c:\Inetpub\wwwroot\stable\Controllers\ReportsController.cs:line 559
   at lambda_method(ExecutionScope , ControllerBase , Object[] )
   at System.Web.Mvc.ReflectedActionDescriptor.Execute(ControllerContext controllerContext, IDictionary`2 parameters)
   at System.Web.Mvc.ControllerActionInvoker.InvokeActionMethod(ControllerContext controllerContext, ActionDescriptor actionDescriptor, IDictionary`2 parameters)
   at System.Web.Mvc.ControllerActionInvoker.<>c__DisplayClassa.<InvokeActionMethodWithFilters>b__7()
   at System.Web.Mvc.ControllerActionInvoker.InvokeActionMethodFilter(IActionFilter filter, ActionExecutingContext preContext, Func`1 continuation)
   at System.Web.Mvc.ControllerActionInvoker.InvokeActionMethodWithFilters(ControllerContext controllerContext, IList`1 filters, ActionDescriptor actionDescriptor, IDictionary`2 parameters)
   at System.Web.Mvc.ControllerActionInvoker.InvokeAction(ControllerContext controllerContext, String actionName)",1
"   at KODmvc.Controllers.AssetController.Download(Int32 id) in c:\Inetpub\wwwroot\stable\Controllers\AssetController.cs:line 1177
   at lambda_method(ExecutionScope , ControllerBase , Object[] )
   at System.Web.Mvc.ReflectedActionDescriptor.Execute(ControllerContext controllerContext, IDictionary`2 parameters)
   at System.Web.Mvc.ControllerActionInvoker.InvokeActionMethod(ControllerContext controllerContext, ActionDescriptor actionDescriptor, IDictionary`2 parameters)
   at System.Web.Mvc.ControllerActionInvoker.<>c__DisplayClassa.<InvokeActionMethodWithFilters>b__7()
   at System.Web.Mvc.ControllerActionInvoker.InvokeActionMethodFilter(IActionFilter filter, ActionExecutingContext preContext, Func`1 continuation)
   at System.Web.Mvc.ControllerActionInvoker.InvokeActionMethodWithFilters(ControllerContext controllerContext, IList`1 filters, ActionDescriptor actionDescriptor, IDictionary`2 parameters)
   at System.Web.Mvc.ControllerActionInvoker.InvokeAction(ControllerContext controllerContext, String actionName)",1
"   at System.Data.SqlClient.SqlConnection.OnError(SqlException exception, Boolean breakConnection)
   at System.Data.SqlClient.TdsParser.ThrowExceptionAndWarning(TdsParserStateObject stateObj)
   at System.Data.SqlClient.TdsParser.Run(RunBehavior runBehavior, SqlCommand cmdHandler, SqlDataReader dataStream, BulkCopySimpleResultSet bulkCopyHandler, TdsParserStateObject stateObj)
   at System.Data.SqlClient.SqlDataReader.ConsumeMetaData()
   at System.Data.SqlClient.SqlDataReader.get_MetaData()
   at System.Data.SqlClient.SqlCommand.FinishExecuteReader(SqlDataReader ds, RunBehavior runBehavior, String resetOptionsString)
   at System.Data.SqlClient.SqlCommand.RunExecuteReaderTds(CommandBehavior cmdBehavior, RunBehavior runBehavior, Boolean returnStream, Boolean async)
   at System.Data.SqlClient.SqlCommand.RunExecuteReader(CommandBehavior cmdBehavior, RunBehavior runBehavior, Boolean returnStream, String method, DbAsyncResult result)
   at System.Data.SqlClient.SqlCommand.RunExecuteReader(CommandBehavior cmdBehavior, RunBehavior runBehavior, Boolean returnStream, String method)
   at System.Data.SqlClient.SqlCommand.ExecuteReader(CommandBehavior behavior, String method)
   at System.Data.SqlClient.SqlCommand.ExecuteDbDataReader(CommandBehavior behavior)
   at System.Data.Linq.SqlClient.SqlProvider.Execute(Expression query, QueryInfo queryInfo, IObjectReaderFactory factory, Object[] parentArgs, Object[] userArgs, ICompiledSubQuery[] subQueries, Object lastResult)
   at System.Data.Linq.SqlClient.SqlProvider.ExecuteAll(Expression query, QueryInfo[] queryInfos, IObjectReaderFactory factory, Object[] userArguments, ICompiledSubQuery[] subQueries)
   at System.Data.Linq.SqlClient.SqlProvider.System.Data.Linq.Provider.IProvider.Execute(Expression query)
   at System.Data.Linq.ChangeDirector.StandardChangeDirector.DynamicInsert(TrackedObject item)
   at System.Data.Linq.ChangeDirector.StandardChangeDirector.Insert(TrackedObject item)
   at System.Data.Linq.ChangeProcessor.SubmitChanges(ConflictMode failureMode)
   at System.Data.Linq.DataContext.SubmitChanges(ConflictMode failureMode)
   at KODmvc.Models.KODBaseRepository.save() in c:\Inetpub\wwwroot\stable\Models\KODBaseRepository.cs:line 22
   at KODmvc.Models.TrackingRepository.createNewSessionTracking(SessionTracking session) in c:\Inetpub\wwwroot\stable\Models\TrackingRepository.cs:line 298
   at KODmvc.Models.TrackingRepository.track(Int32 userID, String ipAddress, Int32 companyID, Int32 bundleID, Int32 actionTypeID, Int32 actionID, String actionTerm, Boolean complete) in c:\Inetpub\wwwroot\stable\Models\TrackingRepository.cs:line 243
   at KODmvc.Controllers.KODBaseController.TrackVisit(String VisitType, Int32 UserID, Int32 ActionID, Int32 BundleID, String Title, String Session, Int32 ActionType, Boolean Complete) in c:\Inetpub\wwwroot\stable\Controllers\KODBaseController.cs:line 333
   at KODmvc.Controllers.AssetController.List(String keyword, Int32 bundleID) in c:\Inetpub\wwwroot\stable\Controllers\AssetController.cs:line 952
   at lambda_method(ExecutionScope , ControllerBase , Object[] )
   at System.Web.Mvc.ReflectedActionDescriptor.Execute(ControllerContext controllerContext, IDictionary`2 parameters)
   at System.Web.Mvc.ControllerActionInvoker.InvokeActionMethod(ControllerContext controllerContext, ActionDescriptor actionDescriptor, IDictionary`2 parameters)
   at System.Web.Mvc.ControllerActionInvoker.<>c__DisplayClassa.<InvokeActionMethodWithFilters>b__7()
   at System.Web.Mvc.ControllerActionInvoker.InvokeActionMethodFilter(IActionFilter filter, ActionExecutingContext preContext, Func`1 continuation)
   at System.Web.Mvc.ControllerActionInvoker.InvokeActionMethodWithFilters(ControllerContext controllerContext, IList`1 filters, ActionDescriptor actionDescriptor, IDictionary`2 parameters)
   at System.Web.Mvc.ControllerActionInvoker.InvokeAction(ControllerContext controllerContext, String actionName)",1
"   at System.Data.SqlClient.SqlConnection.OnError(SqlException exception, Boolean breakConnection)
   at System.Data.SqlClient.TdsParser.ThrowExceptionAndWarning(TdsParserStateObject stateObj)
   at System.Data.SqlClient.TdsParser.Run(RunBehavior runBehavior, SqlCommand cmdHandler, SqlDataReader dataStream, BulkCopySimpleResultSet bulkCopyHandler, TdsParserStateObject stateObj)
   at System.Data.SqlClient.SqlDataReader.ConsumeMetaData()
   at System.Data.SqlClient.SqlDataReader.get_MetaData()
   at System.Data.SqlClient.SqlCommand.FinishExecuteReader(SqlDataReader ds, RunBehavior runBehavior, String resetOptionsString)
   at System.Data.SqlClient.SqlCommand.RunExecuteReaderTds(CommandBehavior cmdBehavior, RunBehavior runBehavior, Boolean returnStream, Boolean async)
   at System.Data.SqlClient.SqlCommand.RunExecuteReader(CommandBehavior cmdBehavior, RunBehavior runBehavior, Boolean returnStream, String method, DbAsyncResult result)
   at System.Data.SqlClient.SqlCommand.RunExecuteReader(CommandBehavior cmdBehavior, RunBehavior runBehavior, Boolean returnStream, String method)
   at System.Data.SqlClient.SqlCommand.ExecuteReader(CommandBehavior behavior, String method)
   at System.Data.SqlClient.SqlCommand.ExecuteDbDataReader(CommandBehavior behavior)
   at System.Data.Linq.SqlClient.SqlProvider.Execute(Expression query, QueryInfo queryInfo, IObjectReaderFactory factory, Object[] parentArgs, Object[] userArgs, ICompiledSubQuery[] subQueries, Object lastResult)
   at System.Data.Linq.SqlClient.SqlProvider.ExecuteAll(Expression query, QueryInfo[] queryInfos, IObjectReaderFactory factory, Object[] userArguments, ICompiledSubQuery[] subQueries)
   at System.Data.Linq.SqlClient.SqlProvider.System.Data.Linq.Provider.IProvider.Execute(Expression query)
   at System.Data.Linq.DataQuery`1.System.Collections.Generic.IEnumerable<T>.GetEnumerator()
   at System.Collections.Generic.List`1..ctor(IEnumerable`1 collection)
   at System.Linq.Enumerable.ToList[TSource](IEnumerable`1 source)
   at KODmvc.Models.ReportActivityRepository.GetReportSummaryQuery(ReportParameters report, Int32 page, Int32 pageSize, Boolean isExport) in c:\Inetpub\wwwroot\stable\Models\ReportActivityRepository.cs:line 168
   at KODmvc.Models.ReportActivityRepository.GetReportSummaryQuery(ReportParameters report, Int32 page, Int32 pageSize) in c:\Inetpub\wwwroot\stable\Models\ReportActivityRepository.cs:line 154
   at KODmvc.Models.ReportActivityRepository.GetCourseReportingData(ReportParameters report, Int32 page) in c:\Inetpub\wwwroot\stable\Models\ReportActivityRepository.cs:line 65
   at KODmvc.Controllers.ReportsController.Data(FormCollection collection) in c:\Inetpub\wwwroot\stable\Controllers\ReportsController.cs:line 452
   at lambda_method(ExecutionScope , ControllerBase , Object[] )
   at System.Web.Mvc.ReflectedActionDescriptor.Execute(ControllerContext controllerContext, IDictionary`2 parameters)
   at System.Web.Mvc.ControllerActionInvoker.InvokeActionMethod(ControllerContext controllerContext, ActionDescriptor actionDescriptor, IDictionary`2 parameters)
   at System.Web.Mvc.ControllerActionInvoker.<>c__DisplayClassa.<InvokeActionMethodWithFilters>b__7()
   at System.Web.Mvc.ControllerActionInvoker.InvokeActionMethodFilter(IActionFilter filter, ActionExecutingContext preContext, Func`1 continuation)
   at System.Web.Mvc.ControllerActionInvoker.InvokeActionMethodWithFilters(ControllerContext controllerContext, IList`1 filters, ActionDescriptor actionDescriptor, IDictionary`2 parameters)
   at System.Web.Mvc.ControllerActionInvoker.InvokeAction(ControllerContext controllerContext, String actionName)",1
"   at System.Data.SqlClient.SqlConnection.OnError(SqlException exception, Boolean breakConnection)
   at System.Data.SqlClient.TdsParser.ThrowExceptionAndWarning(TdsParserStateObject stateObj)
   at System.Data.SqlClient.TdsParser.Run(RunBehavior runBehavior, SqlCommand cmdHandler, SqlDataReader dataStream, BulkCopySimpleResultSet bulkCopyHandler, TdsParserStateObject stateObj)
   at System.Data.SqlClient.SqlDataReader.ConsumeMetaData()
   at System.Data.SqlClient.SqlDataReader.get_MetaData()
   at System.Data.SqlClient.SqlCommand.FinishExecuteReader(SqlDataReader ds, RunBehavior runBehavior, String resetOptionsString)
   at System.Data.SqlClient.SqlCommand.RunExecuteReaderTds(CommandBehavior cmdBehavior, RunBehavior runBehavior, Boolean returnStream, Boolean async)
   at System.Data.SqlClient.SqlCommand.RunExecuteReader(CommandBehavior cmdBehavior, RunBehavior runBehavior, Boolean returnStream, String method, DbAsyncResult result)
   at System.Data.SqlClient.SqlCommand.RunExecuteReader(CommandBehavior cmdBehavior, RunBehavior runBehavior, Boolean returnStream, String method)
   at System.Data.SqlClient.SqlCommand.ExecuteReader(CommandBehavior behavior, String method)
   at System.Data.SqlClient.SqlCommand.ExecuteDbDataReader(CommandBehavior behavior)
   at System.Data.Linq.SqlClient.SqlProvider.Execute(Expression query, QueryInfo queryInfo, IObjectReaderFactory factory, Object[] parentArgs, Object[] userArgs, ICompiledSubQuery[] subQueries, Object lastResult)
   at System.Data.Linq.SqlClient.SqlProvider.ExecuteAll(Expression query, QueryInfo[] queryInfos, IObjectReaderFactory factory, Object[] userArguments, ICompiledSubQuery[] subQueries)
   at System.Data.Linq.SqlClient.SqlProvider.System.Data.Linq.Provider.IProvider.Execute(Expression query)
   at System.Data.Linq.DataQuery`1.System.Linq.IQueryProvider.Execute[S](Expression expression)
   at System.Linq.Queryable.Count[TSource](IQueryable`1 source)
   at KODmvc.Controllers.AssetController.Admin() in c:\Inetpub\wwwroot\stable\Controllers\AssetController.cs:line 822
   at lambda_method(ExecutionScope , ControllerBase , Object[] )
   at System.Web.Mvc.ReflectedActionDescriptor.Execute(ControllerContext controllerContext, IDictionary`2 parameters)
   at System.Web.Mvc.ControllerActionInvoker.InvokeActionMethod(ControllerContext controllerContext, ActionDescriptor actionDescriptor, IDictionary`2 parameters)
   at System.Web.Mvc.ControllerActionInvoker.<>c__DisplayClassa.<InvokeActionMethodWithFilters>b__7()
   at System.Web.Mvc.ControllerActionInvoker.InvokeActionMethodFilter(IActionFilter filter, ActionExecutingContext preContext, Func`1 continuation)
   at System.Web.Mvc.ControllerActionInvoker.InvokeActionMethodWithFilters(ControllerContext controllerContext, IList`1 filters, ActionDescriptor actionDescriptor, IDictionary`2 parameters)
   at System.Web.Mvc.ControllerActionInvoker.InvokeAction(ControllerContext controllerContext, String actionName)",1
"   at System.Web.Mvc.AntiForgeryDataSerializer.Deserialize(String serializedToken)
   at System.Web.Mvc.HtmlHelper.GetAntiForgeryTokenAndSetCookie(String salt, String domain, String path)
   at System.Web.Mvc.HtmlHelper.AntiForgeryToken(String salt, String domain, String path)
   at System.Web.Mvc.HtmlHelper.AntiForgeryToken()
   at ASP.views_shared_site_master.__Render__control1(HtmlTextWriter __w, Control parameterContainer)
   at System.Web.UI.Control.RenderChildrenInternal(HtmlTextWriter writer, ICollection children)
   at System.Web.UI.Control.RenderChildrenInternal(HtmlTextWriter writer, ICollection children)
   at System.Web.UI.Page.Render(HtmlTextWriter writer)
   at System.Web.Mvc.ViewPage.Render(HtmlTextWriter writer)
   at System.Web.UI.Page.ProcessRequestMain(Boolean includeStagesBeforeAsyncPoint, Boolean includeStagesAfterAsyncPoint)
   at System.Web.UI.Page.ProcessRequest(Boolean includeStagesBeforeAsyncPoint, Boolean includeStagesAfterAsyncPoint)
   at System.Web.UI.Page.ProcessRequest()
   at System.Web.UI.Page.ProcessRequest(HttpContext context)
   at ASP.views_shared_custom_42_home_index_aspx.ProcessRequest(HttpContext context)
   at System.Web.Mvc.ViewPage.RenderView(ViewContext viewContext)
   at System.Web.Mvc.ViewResultBase.ExecuteResult(ControllerContext context)
   at System.Web.Mvc.ControllerActionInvoker.<>c__DisplayClass11.<InvokeActionResultWithFilters>b__e()
   at System.Web.Mvc.ControllerActionInvoker.InvokeActionResultFilter(IResultFilter filter, ResultExecutingContext preContext, Func`1 continuation)
   at System.Web.Mvc.ControllerActionInvoker.InvokeActionResultWithFilters(ControllerContext controllerContext, IList`1 filters, ActionResult actionResult)
   at System.Web.Mvc.ControllerActionInvoker.InvokeAction(ControllerContext controllerContext, String actionName)",1
